{
  "memory_train_r2": [
    0.8629930502952368
  ],
  "memory_test_r2": [
    0.8021225208521365
  ],
  "memory_train_mae": [
    0.09574042287426941
  ],
  "memory_test_mae": [
    0.11252745265767716
  ],
  "cpu_train_accuracy": [
    0.7287712287712288
  ],
  "cpu_test_accuracy": [
    0.48303393213572854
  ],
  "cpu_train_f1": [
    0.7054156155286655
  ],
  "cpu_test_f1": [
    0.3934675376882417
  ],
  "cpu_train_mae": [
    0.02912087912087911
  ],
  "cpu_test_mae": [
    0.05892215568862274
  ],
  "cv_scores": []
}