{
  "memory_train_r2": [
    0.8629930503468445
  ],
  "memory_test_r2": [
    0.8021225209041585
  ],
  "memory_train_mae": [
    0.09574042285673193
  ],
  "memory_test_mae": [
    0.11252745264970412
  ],
  "cpu_train_accuracy": [
    0.7577422577422578
  ],
  "cpu_test_accuracy": [
    0.47904191616766467
  ],
  "cpu_train_f1": [
    0.7395831335314229
  ],
  "cpu_test_f1": [
    0.3915774057538163
  ],
  "cpu_train_mae": [
    0.02567432567432567
  ],
  "cpu_test_mae": [
    0.05872255489021954
  ],
  "cv_scores": []
}