{
  "memory_train_r2": [
    0.862993050272768
  ],
  "memory_test_r2": [
    0.8021225206187428
  ],
  "memory_train_mae": [
    0.09574042288166189
  ],
  "memory_test_mae": [
    0.11252745268856314
  ],
  "cpu_train_accuracy": [
    0.7762237762237763
  ],
  "cpu_test_accuracy": [
    0.48502994011976047
  ],
  "cpu_train_f1": [
    0.7619783137239812
  ],
  "cpu_test_f1": [
    0.39293796363186995
  ],
  "cpu_train_mae": [
    0.02342657342657342
  ],
  "cpu_test_mae": [
    0.058323353293413156
  ],
  "cv_scores": []
}