{
  "memory_train_r2": [
    0.8471500867218931
  ],
  "memory_test_r2": [
    0.8059715876873357
  ],
  "memory_train_mae": [
    0.10140739398950273
  ],
  "memory_test_mae": [
    0.11116314343288072
  ],
  "cpu_train_accuracy": [
    0.7577422577422578
  ],
  "cpu_test_accuracy": [
    0.47904191616766467
  ],
  "cpu_train_f1": [
    0.7395831335314229
  ],
  "cpu_test_f1": [
    0.3915774057538163
  ],
  "cpu_train_mae": [
    0.02567432567432567
  ],
  "cpu_test_mae": [
    0.05872255489021954
  ],
  "cv_scores": []
}